,FIPS CODE,Population Density 
0,1001,93.10842547
1,1003,128.1362751
2,1005,29.93526777
3,1007,36.2731335
4,1009,89.44656749
5,1011,17.17391479
6,1013,25.94393361
7,1015,190.8336469
8,1017,57.20239183
9,1019,46.7021853
10,1021,63.42317429
11,1023,14.41707718
12,1025,19.92385736
13,1027,22.44350215
14,1029,26.81306909
15,1031,75.42431794
16,1033,91.7182878
17,1035,14.9054997
18,1037,16.47499101
19,1039,36.71675452
20,1041,22.9337757
21,1043,111.5955697
22,1045,88.32754166
23,1047,42.02637185
24,1049,91.5334458
25,1051,131.7218688
26,1053,39.98497482
27,1055,192.6331471
28,1057,26.70076156
29,1059,50.00780978
30,1061,46.61669058
31,1063,13.10287277
32,1065,23.39958661
33,1067,30.65598576
34,1069,179.6631392
35,1071,48.63211451
36,1073,594.2421145
37,1075,22.95790995
38,1077,138.6796706
39,1079,47.94564182
40,1081,258.4093782
41,1083,163.7026374
42,1085,14.60796105
43,1087,31.37702522
44,1089,440.484136
45,1091,20.50196441
46,1093,40.64168818
47,1095,167.4053888
48,1097,337.8747148
49,1099,21.13047505
50,1101,288.8362977
51,1103,206.3824682
52,1105,13.4118144
53,1107,23.67121696
54,1109,49.16871747
55,1111,39.09396262
56,1113,93.05299934
57,1115,137.7966837
58,1117,265.900144
59,1119,14.49628106
60,1121,109.7512809
61,1123,57.00321414
62,1125,154.3220945
63,1127,82.5261125
64,1129,15.55627764
65,1131,12.4468485
66,1133,38.95239478
67,2013,0.478520091
68,2016,1.298779393
69,2020,175.2202609
70,2050,0.4423465179
71,2060,1.770392761
72,2068,0.1504931493
73,2070,0.2691076386
74,2090,13.57701859
75,2100,1.092900888
76,2105,0.2834583514
77,2110,12.12318153
78,2122,3.611683019
79,2130,2.82170272
80,2150,2.120594316
81,2164,0.06608318135
82,2170,4.108233869
83,2180,0.4287998643
84,2185,0.109216471
85,2188,0.2179206324
86,2195,0.9680126216
87,2198,1.616417355
88,2220,3.087788585
89,2230,2.336815343
90,2240,0.2761134084
91,2261,0.2734238555
92,2270,0.0
93,2275,0.9372480556
94,2282,0.08013640707
95,2290,0.03802623981
96,4001,6.383019956
97,4003,20.50492321
98,4005,7.470748114
99,4007,11.17270882
100,4009,8.148233558
101,4011,5.170020932
102,4012,4.478591457
103,4013,453.0306757
104,4015,15.38094118
105,4017,10.88164904
106,4019,109.9402462
107,4021,75.7758854
108,4023,37.56196864
109,4025,27.35951589
110,4027,37.04666238
111,5001,18.64235363
112,5003,22.51907118
113,5005,74.06505341
114,5007,294.6479465
115,5009,63.06344465
116,5011,17.08790862
117,5013,8.318736965
118,5015,43.96853133
119,5017,17.11459187
120,5019,26.13287086
121,5021,23.62756367
122,5023,45.99488524
123,5025,13.90303839
124,5027,31.47823976
125,5029,38.06066093
126,5031,147.5581372
127,5033,104.0357852
128,5035,80.29880609
129,5037,28.04109796
130,5039,11.39370619
131,5041,15.57634427
132,5043,22.66899739
133,5045,187.6138321
134,5047,29.07415042
135,5049,19.74137568
136,5051,143.37522
137,5053,28.65106385
138,5055,76.50350788
139,5057,30.35517924
140,5059,54.33337343
141,5061,22.59775654
142,5063,48.50036586
143,5065,23.15799627
144,5067,27.34967773
145,5069,82.18814672
146,5071,39.6193415
147,5073,13.24327803
148,5075,28.55445922
149,5077,16.01338154
150,5079,24.61189955
151,5081,23.43246539
152,5083,30.66407767
153,5085,92.95756739
154,5087,18.89949716
155,5089,27.11014407
156,5091,70.18789024
157,5093,48.56680295
158,5095,12.18700689
159,5097,11.5017695
160,5099,13.85154984
161,5101,9.639467119
162,5103,33.24039995
163,5105,18.47835155
164,5107,28.04950098
165,5109,18.02143792
166,5111,31.698772
167,5113,23.57058993
168,5115,78.01385272
169,5117,12.79558243
170,5119,516.8243255
171,5121,26.78509823
172,5123,41.88754685
173,5125,162.3263553
174,5127,11.78164784
175,5129,11.81363019
176,5131,240.2281585
177,5133,30.59494697
178,5135,27.97966379
179,5137,20.54072773
180,5139,38.62919476
181,5141,23.68306966
182,5143,239.3685122
183,5145,76.47851605
184,5147,11.48790626
185,5149,23.34771351
186,6001,2216.748735
187,6003,1.503388719
188,6005,62.23016803
189,6007,137.7427184
190,6009,43.94850257
191,6011,18.66813356
192,6013,1573.804678
193,6015,27.08141017
194,6017,108.0003724
195,6019,163.6224358
196,6021,21.32277786
197,6023,38.04021707
198,6025,43.14295613
199,6027,1.793558297
200,6029,108.4831668
201,6031,108.653251
202,6033,51.40696431
203,6035,6.902384929
204,6037,2506.304271
205,6039,72.52830863
206,6041,502.0526383
207,6043,12.10022529
208,6045,24.99726923
209,6047,138.7384417
210,6049,2.288291554
211,6051,4.56185048
212,6053,132.261983
213,6055,190.3570732
214,6057,103.2364696
215,6059,4009.49191
216,6061,266.8007099
217,6063,7.210611024
218,6065,327.6254149
219,6067,1556.361725
220,6069,42.33569284
221,6071,106.1045809
222,6073,784.3620665
223,6075,18450.19521
224,6077,521.8820661
225,6079,85.31007556
226,6081,1706.33664
227,6083,162.6161527
228,6085,1486.740563
229,6087,615.8231687
230,6089,47.55334664
231,6091,3.112627385
232,6093,6.937684606
233,6095,530.6772617
234,6097,318.651089
235,6099,360.1674307
236,6101,160.1284839
237,6103,21.46245613
238,6105,4.110712765
239,6107,95.32390244
240,6109,24.18361337
241,6111,461.4620866
242,6113,209.9323044
243,6115,117.8971225
244,8001,420.7902519
245,8003,22.82731584
246,8005,790.7480266
247,8007,9.14844372
248,8009,1.414891073
249,8011,3.85362568
250,8013,439.7312915
251,8014,1969.637343
252,8015,18.41123423
253,8017,1.028524256
254,8019,23.53837162
255,8021,6.315097744
256,8023,2.921059667
257,8025,7.063565742
258,8027,6.017938738
259,8029,26.25016418
260,8031,4461.078431
261,8033,1.853707086
262,8035,383.6807704
263,8037,31.82193253
264,8039,13.36415166
265,8041,317.1293412
266,8043,30.45657466
267,8045,19.70950239
268,8047,38.88029033
269,8049,7.915703043
270,8051,4.960328486
271,8053,0.6927718122
272,8055,4.080449981
273,8057,0.8402929127
274,8059,740.0131901
275,8061,0.8049703383
276,8063,3.590300358
277,8065,19.85879956
278,8067,32.32002307
279,8069,128.4964341
280,8071,2.945519826
281,8073,2.155859694
282,8075,11.98555163
283,8077,44.61224389
284,8079,0.8290832349
285,8081,2.727431804
286,8083,12.89364468
287,8085,18.27379451
288,8087,22.14875749
289,8089,14.53531448
290,8091,8.661485654
291,8093,7.525596601
292,8095,6.321882523
293,8097,18.32394661
294,8099,7.296164844
295,8101,68.55987836
296,8103,2.040091477
297,8105,12.65738115
298,8107,10.21580626
299,8109,1.972842253
300,8111,1.809088281
301,8113,6.123840073
302,8115,4.377409719
303,8117,49.73551757
304,8119,41.9796968
305,8121,1.931668037
306,8123,71.52168995
307,8125,4.291143015
308,9001,1517.151819
309,9003,1218.670461
310,9005,199.4470757
311,9007,444.2527911
312,9009,1421.772489
313,9011,408.891556
314,9013,369.1244082
315,9015,227.27769
316,10001,296.0409704
317,10003,1306.116082
318,10005,230.345943
319,11001,11011.46639
320,12001,297.0949235
321,12003,46.85329383
322,12005,239.4789962
323,12007,91.60367667
324,12009,559.3267065
325,12011,1567.571924
326,12013,25.49115688
327,12015,254.4764722
328,12017,242.4943613
329,12019,337.4925541
330,12021,178.8023364
331,12023,85.69486969
332,12027,55.65889502
333,12029,22.98125105
334,12031,1197.874026
335,12033,473.7570092
336,12035,217.096739
337,12037,21.99448315
338,12039,89.15968795
339,12041,49.18539109
340,12043,16.96010839
341,12045,28.13947221
342,12047,27.82265128
343,12049,43.1212497
344,12051,33.93537194
345,12053,377.6175088
346,12055,97.86497347
347,12057,1322.320611
348,12059,40.36117023
349,12061,294.1484115
350,12063,52.95393131
351,12065,23.54308262
352,12067,15.94189297
353,12069,347.2736554
354,12071,894.7997038
355,12073,429.2886578
356,12075,35.62134347
357,12077,9.970534802
358,12079,26.45025203
359,12081,489.1019489
360,12083,216.6260872
361,12085,287.5682658
362,12086,1419.135951
363,12087,78.79936783
364,12089,120.9362989
365,12091,213.5604845
366,12093,51.33123859
367,12095,1425.818742
368,12097,244.0711649
369,12099,722.3148166
370,12101,666.6465833
371,12103,3469.066724
372,12105,361.596741
373,12107,98.98408789
374,12109,377.3214241
375,12111,522.0308222
376,12113,165.123739
377,12115,729.5778854
378,12117,1452.501609
379,12119,217.3776313
380,12121,63.55366044
381,12123,21.55937142
382,12125,62.54824353
383,12127,470.3650757
384,12129,52.00199862
385,12131,61.20515601
386,12133,42.35908189
387,13001,36.39260789
388,13003,24.74497764
389,13005,43.69701751
390,13007,9.299768383
391,13009,176.304277
392,13011,79.68857043
393,13013,470.1545141
394,13015,223.5846839
395,13017,69.57832409
396,13019,41.96310221
397,13021,615.4699274
398,13023,56.7146894
399,13025,41.71922543
400,13027,31.7576859
401,13029,80.59554966
402,13031,107.9816114
403,13033,27.50408722
404,13035,127.9495426
405,13037,23.10899642
406,13039,84.99163982
407,13043,44.79024374
408,13045,229.5141421
409,13047,407.316276
410,13049,16.75982709
411,13051,672.9153427
412,13053,45.70307475
413,13055,79.53711328
414,13057,559.436911
415,13059,1039.530201
416,13061,16.07628173
417,13063,1935.120435
418,13065,8.613859654
419,13067,2183.290188
420,13069,74.95778973
421,13071,84.24836397
422,13073,496.5769244
423,13075,75.38232627
424,13077,313.9703147
425,13079,38.13006328
426,13081,83.941405
427,13083,93.48147211
428,13085,110.5724992
429,13087,45.5069163
430,13089,2746.33944
431,13091,42.1101454
432,13093,35.80905241
433,13095,277.8675283
434,13097,703.4293512
435,13099,20.63036243
436,13101,9.737426909
437,13103,119.5436466
438,13105,55.15944795
439,13107,33.36448214
440,13109,58.9927428
441,13111,62.84343057
442,13113,569.6864291
443,13115,189.2565565
444,13117,948.2950259
445,13119,85.32029048
446,13121,1918.903985
447,13123,68.92671262
448,13125,21.32322249
449,13127,199.1147175
450,13129,159.0014839
451,13131,55.4532514
452,13133,43.12981532
453,13135,2081.455355
454,13137,158.9795476
455,13139,492.728791
456,13141,18.12263029
457,13143,102.2593164
458,13145,71.96212724
459,13147,109.8737489
460,13149,38.97915752
461,13151,675.9414765
462,13153,399.5116379
463,13155,26.09053939
464,13157,186.5378331
465,13159,37.03502506
466,13161,45.11096329
467,13163,30.59156481
468,13165,25.7919425
469,13167,31.86693508
470,13169,72.33209708
471,13171,99.1880109
472,13173,55.66201197
473,13175,59.12453425
474,13177,82.07788996
475,13179,127.5354685
476,13181,36.47209811
477,13183,44.29505387
478,13185,227.5201284
479,13187,111.0086133
480,13189,83.66315675
481,13191,32.92253812
482,13193,34.02547418
483,13195,100.7435063
484,13197,23.93696227
485,13199,42.27659146
486,13201,20.72792037
487,13205,44.08252536
488,13207,68.50107921
489,13209,37.37010642
490,13211,51.95351073
491,13213,114.8589411
492,13215,926.9542713
493,13217,387.5389935
494,13219,195.1543763
495,13221,33.87378933
496,13223,487.60005
497,13225,177.8168194
498,13227,130.6101518
499,13229,60.35817425
500,13231,83.02712809
501,13233,133.8055173
502,13235,45.76137107
503,13237,61.9575846
504,13239,15.22114297
505,13241,44.0035352
506,13243,16.79681297
507,13245,622.1918687
508,13247,684.5977826
509,13249,30.96353636
510,13251,21.95315152
511,13253,36.76039213
512,13255,326.0107192
513,13257,142.8340153
514,13259,12.75469609
515,13261,63.7646391
516,13263,16.19105289
517,13265,8.422058703
518,13267,52.62587009
519,13269,22.1139092
520,13271,37.50260117
521,13273,27.16738364
522,13275,82.7457418
523,13277,157.4416314
524,13279,74.83688411
525,13281,67.1337572
526,13283,34.02093905
527,13285,168.5145463
528,13287,28.78136464
529,13289,23.40972885
530,13291,69.16806968
531,13293,81.52437724
532,13295,152.4847719
533,13297,271.4290101
534,13299,39.63198392
535,13301,19.20520018
536,13303,30.68161049
537,13305,46.01910009
538,13307,12.66270718
539,13309,26.74594902
540,13311,117.6595232
541,13313,358.7914509
542,13315,23.44951748
543,13317,21.01642208
544,13319,20.46688188
545,13321,36.2693665
546,15001,48.76059256
547,15003,1662.464648
548,15005,7.422233342
549,15007,115.7098246
550,15009,141.7425944
551,16001,412.5222312
552,16003,2.819399937
553,16005,75.31016522
554,16007,6.07518581
555,16009,11.65568099
556,16011,21.48542153
557,16013,8.167693429
558,16015,3.716229202
559,16017,24.13216394
560,16019,58.99488606
561,16021,8.921927225
562,16023,1.120686913
563,16025,0.992095807
564,16027,353.2322046
565,16029,3.83755086
566,16031,9.163843169
567,16033,0.4988138999
568,16035,3.457489885
569,16037,0.830532378
570,16039,8.415676393
571,16041,19.70029157
572,16043,6.878898861
573,16045,30.04457122
574,16047,20.96648298
575,16049,1.919467305
576,16051,24.83491099
577,16053,38.20256704
578,16055,120.8447704
579,16057,36.03916743
580,16059,1.695012937
581,16061,7.913616475
582,16063,4.409004457
583,16065,81.56971565
584,16067,27.0079766
585,16069,47.22129203
586,16071,3.567318661
587,16073,1.475439798
588,16075,56.27391752
589,16077,5.446346931
590,16079,4.727598382
591,16081,23.50396924
592,16083,42.87655767
593,16085,2.756981483
594,16087,6.871385881
595,17001,78.35926483
596,17003,28.78870871
597,17005,44.57253753
598,17007,190.884835
599,17009,22.34569234
600,17011,38.64879389
601,17013,19.3006993
602,17015,32.85919511
603,17017,34.18409975
604,17019,209.64381
605,17021,47.42471211
606,17023,31.86762342
607,17025,28.67294733
608,17027,79.70300684
609,17029,103.3286051
610,17031,5541.174156
611,17033,43.76179195
612,17035,31.49492521
613,17037,165.2951733
614,17039,40.87161929
615,17041,47.5753903
616,17043,2851.110996
617,17045,28.33611925
618,17047,29.37738292
619,17049,71.7891628
620,17051,30.76560193
621,17053,28.2857237
622,17055,96.56654985
623,17057,41.24215135
624,17059,16.29672734
625,17061,24.38404549
626,17063,120.8990463
627,17065,18.86510301
628,17067,23.36196622
629,17069,23.2921004
630,17071,18.4626998
631,17073,60.13353828
632,17075,25.66149594
633,17077,101.6331639
634,17079,19.42731188
635,17081,67.14825209
636,17083,60.58423218
637,17085,36.74343315
638,17087,37.10800634
639,17089,1020.745763
640,17091,163.8873944
641,17093,385.0812431
642,17095,71.80535878
643,17097,1586.562084
644,17099,98.08003355
645,17101,44.30944333
646,17103,47.70891273
647,17105,35.11589269
648,17107,47.72036327
649,17109,53.16021018
650,17111,509.545386
651,17113,146.3319413
652,17115,184.7856598
653,17117,53.3603892
654,17119,372.0174627
655,17121,66.98371488
656,17123,30.9781302
657,17125,25.40807584
658,17127,62.24654116
659,17129,39.57549525
660,17131,28.25720507
661,17133,87.99488846
662,17135,41.06655374
663,17137,61.2316299
664,17139,44.44503978
665,17141,68.1001458
666,17143,300.7401378
667,17145,48.76618805
668,17147,37.31085013
669,17149,19.23185639
670,17151,11.45971744
671,17153,28.50616261
672,17155,35.23954021
673,17157,57.08427454
674,17159,44.52623684
675,17161,341.7228671
676,17163,401.4418655
677,17165,64.63078466
678,17167,228.8512522
679,17169,16.08148685
680,17171,20.29388673
681,17173,28.70710578
682,17175,20.09171095
683,17177,81.04009934
684,17179,207.7124815
685,17181,42.10332826
686,17183,88.25113984
687,17185,51.69942487
688,17187,32.31349269
689,17189,25.36564209
690,17191,23.00739408
691,17193,28.95712317
692,17195,83.41834125
693,17197,821.1930105
694,17199,160.576367
695,17201,559.2116284
696,17203,74.32185358
697,18001,103.1773187
698,18003,560.5439155
699,18005,199.4603203
700,18007,21.35978229
701,18009,74.49721347
702,18011,149.7802148
703,18013,48.00612858
704,18015,53.34422283
705,18017,92.14737174
706,18019,309.4259162
707,18021,74.12555728
708,18023,80.50213543
709,18025,34.29818448
710,18027,76.61698724
711,18029,162.1294675
712,18031,71.18432071
713,18033,117.3819813
714,18035,297.9975722
715,18037,99.37767542
716,18039,439.3073817
717,18041,108.9882519
718,18043,518.9982087
719,18045,41.9328912
720,18047,59.49587701
721,18049,55.14566164
722,18051,69.28404098
723,18053,164.1711385
724,18055,59.79962949
725,18057,785.5006886
726,18059,236.9810729
727,18061,81.68564093
728,18063,388.7631448
729,18065,125.0012759
730,18067,281.7062892
731,18069,95.72691565
732,18071,86.52652991
733,18073,59.80790708
734,18075,55.01621495
735,18077,89.8868927
736,18079,74.07928664
737,18081,466.9799986
738,18083,73.49752244
739,18085,147.9541045
740,18087,102.2301014
741,18089,977.761789
742,18091,185.3320831
743,18093,101.2872689
744,18095,287.0517686
745,18097,2369.479533
746,18099,105.62204
747,18101,30.45836473
748,18103,95.92822636
749,18105,366.7977156
750,18107,75.7550836
751,18109,172.409269
752,18111,34.8666738
753,18113,116.1830675
754,18115,68.93429301
755,18117,49.21094313
756,18119,54.1724632
757,18121,38.00855929
758,18123,50.68281783
759,18125,37.67973719
760,18127,401.020679
761,18129,62.2895664
762,18131,29.72219468
763,18133,78.21604568
764,18135,55.64360857
765,18137,64.29061031
766,18139,40.8503298
767,18141,586.3077427
768,18143,124.7078473
769,18145,108.1802859
770,18147,52.21250983
771,18149,74.26552886
772,18151,111.2582095
773,18153,46.80392359
774,18155,47.69912026
775,18157,371.7962569
776,18159,58.5973033
777,18161,44.54671761
778,18163,778.9998929
779,18165,61.08736443
780,18167,267.5242306
781,18169,77.92277067
782,18171,22.67461151
783,18173,160.8487195
784,18175,54.16711275
785,18177,166.77702
786,18179,75.97116986
787,18181,48.09304628
788,18183,99.55031603
789,19001,12.69694047
790,19003,8.96469149
791,19005,21.72804116
792,19007,25.19445316
793,19009,13.03275006
794,19011,35.82193741
795,19013,235.8824891
796,19015,46.61379466
797,19017,56.76993274
798,19019,36.88487268
799,19021,35.6452693
800,19023,25.70971039
801,19025,17.22552845
802,19027,35.9969584
803,19029,23.79538837
804,19031,31.65146798
805,19033,75.69244413
806,19035,20.06219384
807,19037,23.98390103
808,19039,21.47427795
809,19041,29.10065969
810,19043,22.66296229
811,19045,68.73934222
812,19047,23.93480726
813,19049,136.1770899
814,19051,17.46158809
815,19053,15.45458477
816,19055,30.12171228
817,19057,96.25759691
818,19059,44.95725238
819,19061,159.6649707
820,19063,24.6764827
821,19065,27.71852093
822,19067,31.87970405
823,19069,17.68985449
824,19071,13.51071114
825,19073,15.84868691
826,19075,24.77792523
827,19077,18.07592022
828,19079,26.33718884
829,19081,19.2187459
830,19083,30.50550933
831,19085,20.47074828
832,19087,45.93302757
833,19089,19.88386639
834,19091,21.9982871
835,19093,16.28706768
836,19095,27.96624475
837,19097,30.57045244
838,19099,50.41893705
839,19101,40.30906294
840,19103,234.9211778
841,19105,35.55464446
842,19107,17.54725223
843,19109,15.59030348
844,19111,67.80247257
845,19113,306.7682178
846,19115,27.83958822
847,19117,20.16289164
848,19119,19.98638645
849,19121,28.07991358
850,19123,39.10570487
851,19125,60.03960082
852,19127,71.17192808
853,19129,33.93402936
854,19131,23.08940109
855,19133,12.93669821
856,19135,18.38303955
857,19137,24.13127186
858,19139,98.31782366
859,19141,24.40339595
860,19143,15.43578373
861,19145,29.0255766
862,19147,16.19774264
863,19149,28.7405275
864,19151,12.14050977
865,19153,815.1186399
866,19155,98.57199983
867,19157,31.71308802
868,19159,9.464087634
869,19161,17.42746238
870,19163,375.7479442
871,19165,20.18859844
872,19167,45.47122858
873,19169,167.6291597
874,19171,24.04540291
875,19173,11.66568278
876,19175,29.43266178
877,19177,15.14885858
878,19179,81.45046812
879,19181,85.33467175
880,19183,39.10975942
881,19185,12.15178984
882,19187,51.80270507
883,19189,26.49011583
884,19191,30.0187862
885,19193,117.756641
886,19195,18.91668312
887,19197,22.00640224
888,20001,25.41859633
889,20003,13.47029049
890,20005,38.03122652
891,20007,4.25281265
892,20009,30.26915345
893,20011,23.15133185
894,20013,17.12467944
895,20015,46.67649978
896,20017,3.465448995
897,20019,5.324935317
898,20021,34.94574245
899,20023,2.626761592
900,20025,2.150555287
901,20027,12.93504892
902,20029,12.8875419
903,20031,13.37274124
904,20033,2.337948339
905,20035,31.79036198
906,20037,66.49699198
907,20039,3.281414903
908,20041,22.78790941
909,20043,19.81927022
910,20045,258.9614167
911,20047,4.772517503
912,20049,4.043367248
913,20051,32.25759852
914,20053,8.860831993
915,20055,28.50917112
916,20057,31.4457907
917,20059,44.79008528
918,20061,96.27734531
919,20063,2.463456397
920,20065,2.883624441
921,20067,13.45337509
922,20069,7.058617717
923,20071,1.708523348
924,20073,5.461383714
925,20075,2.482669482
926,20077,7.259734247
927,20079,64.97960182
928,20081,7.036973547
929,20083,2.201183267
930,20085,20.32559352
931,20087,35.54435628
932,20089,3.264521901
933,20091,1225.580143
934,20093,4.544290173
935,20095,8.903555052
936,20097,3.548106316
937,20099,32.23796868
938,20101,2.327672119
939,20103,171.3692471
940,20105,4.316120746
941,20107,16.05227764
942,20109,2.632819941
943,20111,39.33925997
944,20113,32.2184545
945,20115,12.81703714
946,20117,11.03775566
947,20119,4.427004523
948,20121,56.54890639
949,20123,8.951370207
950,20125,51.76783569
951,20127,8.119042859
952,20129,4.120696531
953,20131,14.25510888
954,20133,28.60332615
955,20135,2.79599907
956,20137,6.320219921
957,20139,22.46151055
958,20141,4.12659215
959,20143,8.290171256
960,20145,9.065803307
961,20147,6.12726146
962,20149,27.70201017
963,20151,13.18422682
964,20153,2.343335054
965,20155,50.75732109
966,20157,6.586550056
967,20159,13.73793954
968,20161,123.4020641
969,20163,5.810003672
970,20165,4.360770895
971,20167,7.942364543
972,20169,77.32444722
973,20171,6.918042657
974,20173,512.8499707
975,20175,36.20345365
976,20177,328.5289403
977,20179,2.803705981
978,20181,5.665365612
979,20183,4.136398408
980,20185,5.348174222
981,20187,3.045513673
982,20189,7.983027473
983,20191,19.91216144
984,20193,7.354699554
985,20195,3.290694092
986,20197,8.751079564
987,20199,1.661464102
988,20201,6.256454274
989,20203,3.001803587
990,20205,15.52545677
991,20207,6.257281748
992,20209,1077.631926
993,21001,46.94744166
994,21003,59.94110438
995,21005,108.8974989
996,21007,33.29292667
997,21009,89.36684299
998,21011,43.86065597
999,21013,76.14763231
1000,21015,518.3979477
1001,21017,69.43279523
1002,21019,302.288195
1003,21021,165.4502162
1004,21023,40.46942785
1005,21025,27.38351749
1006,21027,35.29440805
1007,21029,264.9684874
1008,21031,30.36461952
1009,21033,36.77880223
1010,21035,99.58677579
1011,21037,608.4674968
1012,21039,25.72927774
1013,21041,83.2160163
1014,21043,66.32055014
1015,21045,35.58516984
1016,21047,102.1723951
1017,21049,141.6326353
1018,21051,44.78025432
1019,21053,51.58026018
1020,21055,25.5117349
1021,21057,22.14743989
1022,21059,216.559106
1023,21061,39.64237016
1024,21063,32.63982246
1025,21065,56.80067015
1026,21067,1108.7224
1027,21069,41.99493892
1028,21071,95.98698344
1029,21073,242.4824426
1030,21075,30.3546403
1031,21077,85.30730782
1032,21079,74.91839688
1033,21081,95.97038358
1034,21083,67.82324379
1035,21085,52.79062932
1036,21087,38.49192753
1037,21089,104.7279738
1038,21091,46.31978343
1039,21093,170.7729135
1040,21095,59.47044832
1041,21097,61.24414096
1042,21099,44.78191445
1043,21101,106.2750046
1044,21103,54.56272967
1045,21105,19.03629775
1046,21107,85.28122953
1047,21109,38.6789146
1048,21111,2007.336705
1049,21113,301.8952334
1050,21115,88.47006906
1051,21117,1029.716069
1052,21119,44.64351754
1053,21121,82.13887242
1054,21123,54.45493444
1055,21125,138.4804345
1056,21127,37.88544136
1057,21129,32.32833949
1058,21131,26.72111844
1059,21133,68.42865344
1060,21135,28.33674374
1061,21137,73.22168844
1062,21139,29.75150658
1063,21141,48.73843345
1064,21143,38.84212495
1065,21145,261.3851992
1066,21147,41.88817792
1067,21149,37.67516655
1068,21151,200.8355954
1069,21153,41.52455551
1070,21155,56.45640918
1071,21157,103.2388059
1072,21159,53.60074911
1073,21161,71.20785581
1074,21163,91.42729919
1075,21165,31.23019869
1076,21167,86.04203427
1077,21169,34.21084431
1078,21171,32.3857754
1079,21173,139.8822492
1080,21175,34.83090938
1081,21177,66.76172553
1082,21179,108.083121
1083,21181,36.53719046
1084,21183,41.23458556
1085,21185,346.5211678
1086,21187,30.56083258
1087,21189,22.59798285
1088,21191,51.98497602
1089,21193,81.15229487
1090,21195,78.53254757
1091,21197,68.54994161
1092,21199,96.87306351
1093,21201,21.39904515
1094,21203,53.5216162
1095,21205,85.39108991
1096,21207,69.62946026
1097,21209,186.0408992
1098,21211,120.1993488
1099,21213,76.88169288
1100,21215,95.855408
1101,21217,95.44657508
1102,21219,33.46097155
1103,21221,32.2427186
1104,21223,57.8246993
1105,21225,43.89687588
1106,21227,226.8297637
1107,21229,40.5798174
1108,21231,44.66464413
1109,21233,39.67548645
1110,21235,82.51832903
1111,21237,32.67303113
1112,21239,136.6270447
1113,22001,95.52005056
1114,22003,33.71149325
1115,22005,411.9407823
1116,22007,67.44857644
1117,22009,49.37688754
1118,22011,31.50494841
1119,22013,16.99315146
1120,22015,149.0077459
1121,22017,286.2251989
1122,22019,186.8907234
1123,22021,18.87519479
1124,22023,5.305524922
1125,22025,14.33131364
1126,22027,21.58626957
1127,22029,28.9014521
1128,22031,30.89612702
1129,22033,981.0683087
1130,22035,17.36850612
1131,22037,43.4397124
1132,22039,50.94221124
1133,22041,32.67769799
1134,22043,34.74665099
1135,22045,129.0743428
1136,22047,53.49750334
1137,22049,27.86098671
1138,22051,1475.736727
1139,22053,48.26907487
1140,22055,893.4876451
1141,22057,92.04616303
1142,22059,23.97051949
1143,22061,101.2714577
1144,22063,212.580361
1145,22065,18.43900986
1146,22067,33.20401442
1147,22069,31.28688361
1148,22071,2299.670057
1149,22073,256.814317
1150,22075,30.12523224
1151,22077,39.92313572
1152,22079,100.261616
1153,22081,22.08486468
1154,22083,36.71095068
1155,22085,27.90716995
1156,22087,120.2806761
1157,22089,189.2340272
1158,22091,25.87395293
1159,22093,89.29066768
1160,22095,204.7486519
1161,22097,90.75647352
1162,22099,72.9819643
1163,22101,95.08821904
1164,22103,295.7692676
1165,22105,162.7183975
1166,22107,7.863513298
1167,22109,92.52363382
1168,22111,25.62976916
1169,22113,51.03567255
1170,22115,38.25786386
1171,22117,69.25954968
1172,22119,67.48562467
1173,22121,132.4885391
1174,22123,31.40032143
1175,22125,38.15591721
1176,22127,15.33334877
1177,23001,229.1660879
1178,23003,10.28700424
1179,23005,347.1776409
1180,23007,17.67702517
1181,23009,34.44403624
1182,23011,138.3016493
1183,23013,109.1517087
1184,23015,74.52316495
1185,23017,27.54280542
1186,23019,44.94428324
1187,23021,4.27458105
1188,23023,138.5482568
1189,23025,13.02440142
1190,23027,53.64301195
1191,23029,12.34069287
1192,23031,203.0547696
1193,24001,170.9928847
1194,24003,1359.82714
1195,24005,1389.144613
1196,24009,425.025334
1197,24011,101.9945589
1198,24013,374.5059708
1199,24015,295.6684466
1200,24017,341.0559062
1201,24019,59.88553253
1202,24021,371.5755785
1203,24023,45.52598273
1204,24025,572.629373
1205,24027,1249.951145
1206,24029,71.42547739
1207,24031,2117.267239
1208,24033,1884.300722
1209,24035,131.4948858
1210,24037,311.9239599
1211,24039,80.59476484
1212,24041,139.6897273
1213,24043,326.7617633
1214,24045,273.3920159
1215,24047,110.0621208
1216,24510,7682.459478
1217,25001,544.3751064
1218,25003,137.9203194
1219,25005,1006.646224
1220,25007,167.5529081
1221,25009,1575.520289
1222,25011,100.956788
1223,25013,762.6956606
1224,25015,305.9089056
1225,25017,1938.256358
1226,25019,242.9397376
1227,25021,1757.167923
1228,25023,774.4080719
1229,25025,13380.35217
1230,25027,542.0831761
1231,26001,15.3412839
1232,26003,10.25386036
1233,26005,138.9005018
1234,26007,50.36722275
1235,26009,48.67322678
1236,26011,42.01921303
1237,26013,9.546265712
1238,26015,107.2407484
1239,26017,238.8842917
1240,26019,54.60363336
1241,26021,272.3677976
1242,26023,86.22960726
1243,26025,190.1836929
1244,26027,105.4091115
1245,26029,63.02075953
1246,26031,35.54911194
1247,26033,24.40484593
1248,26035,54.14174707
1249,26037,136.6329572
1250,26039,24.80944848
1251,26041,31.06235526
1252,26043,33.86918834
1253,26045,189.1615595
1254,26047,70.9335307
1255,26049,644.998171
1256,26051,50.14956784
1257,26053,14.00464129
1258,26055,197.3505969
1259,26057,73.07410847
1260,26059,76.80733215
1261,26061,36.05196319
1262,26063,38.15097654
1263,26065,514.4303388
1264,26067,112.4147564
1265,26069,46.15768463
1266,26071,9.731175004
1267,26073,123.4517887
1268,26075,227.3075794
1269,26077,463.3834113
1270,26079,30.82886053
1271,26081,751.3672622
1272,26083,4.013982285
1273,26085,20.1350089
1274,26087,137.4355768
1275,26089,63.31462017
1276,26091,131.5086952
1277,26093,331.3837673
1278,26095,7.135087278
1279,26097,10.66007289
1280,26099,1804.671312
1281,26101,45.11859286
1282,26103,37.16819444
1283,26105,58.13890073
1284,26107,77.58827249
1285,26109,22.55384889
1286,26111,161.9980901
1287,26113,26.38978903
1288,26115,272.2417791
1289,26117,89.23318576
1290,26119,16.93730873
1291,26121,346.1019217
1292,26123,58.96183491
1293,26125,1431.781694
1294,26127,50.97925874
1295,26129,37.15607076
1296,26131,4.581212225
1297,26133,40.71039264
1298,26135,14.5846701
1299,26137,47.09585588
1300,26139,496.8436483
1301,26141,19.49389649
1302,26143,45.98988523
1303,26145,241.5993221
1304,26147,221.6883675
1305,26149,121.8919237
1306,26151,43.08795449
1307,26153,6.977371564
1308,26155,129.3068359
1309,26157,66.95952197
1310,26159,123.5888285
1311,26161,508.3538136
1312,26163,2874.35466
1313,26165,58.41218261
1314,27001,8.61959649
1315,27003,813.5765112
1316,27005,25.38467446
1317,27007,18.23277204
1318,27009,97.25668073
1319,27011,10.09975512
1320,27013,87.96888121
1321,27015,41.42270369
1322,27017,41.29299346
1323,27019,278.6735342
1324,27021,14.20005125
1325,27023,20.83727685
1326,27025,130.8700242
1327,27027,59.61931037
1328,27029,8.812341082
1329,27031,3.576452702
1330,27033,18.08458997
1331,27035,63.48545434
1332,27037,737.6549359
1333,27039,46.35809833
1334,27041,58.17511376
1335,27043,19.7199625
1336,27045,24.1890166
1337,27047,43.29453094
1338,27049,61.35394893
1339,27051,10.76875365
1340,27053,2209.481368
1341,27055,34.00548493
1342,27057,22.31344694
1343,27059,88.18157203
1344,27061,17.03138483
1345,27063,14.33749371
1346,27065,30.36316159
1347,27067,53.39206938
1348,27069,4.026195755
1349,27071,4.136826811
1350,27073,8.961845492
1351,27075,5.040079799
1352,27077,3.022647124
1353,27079,61.64319458
1354,27081,10.75160641
1355,27083,35.92845377
1356,27085,73.11112965
1357,27087,9.781708546
1358,27089,5.308529025
1359,27091,28.10708826
1360,27093,37.98558975
1361,27095,45.05949573
1362,27097,29.13172785
1363,27099,54.99002571
1364,27101,11.93837963
1365,27103,74.35328009
1366,27105,30.44303921
1367,27107,7.651333828
1368,27109,231.7842378
1369,27111,29.26673928
1370,27113,23.06145288
1371,27115,20.59748216
1372,27117,19.93527647
1373,27119,15.99743903
1374,27121,16.48616646
1375,27123,3535.417707
1376,27125,9.377739028
1377,27127,17.60925684
1378,27129,15.15099104
1379,27131,131.9388966
1380,27133,19.89822885
1381,27135,9.43406385
1382,27137,32.0823011
1383,27139,397.3900066
1384,27141,211.8304432
1385,27143,25.26414835
1386,27145,115.1844233
1387,27147,85.5473705
1388,27149,17.38099801
1389,27151,12.58619319
1390,27153,25.66927201
1391,27155,5.926098881
1392,27157,40.61134035
1393,27159,25.8732574
1394,27161,44.85350391
1395,27163,654.719711
1396,27165,25.18007941
1397,27167,8.517132139
1398,27169,81.25920224
1399,27171,198.5178175
1400,27173,13.0088091
1401,28001,67.58980725
1402,28003,93.46112119
1403,28005,17.22229832
1404,28007,25.90947806
1405,28009,20.12217916
1406,28011,38.0139475
1407,28013,25.08980127
1408,28015,16.30420076
1409,28017,34.53313112
1410,28019,19.84566344
1411,28021,18.77285056
1412,28023,23.14497494
1413,28025,48.8883795
1414,28027,44.56576437
1415,28029,37.01926293
1416,28031,47.22904261
1417,28033,364.0130632
1418,28035,162.8602187
1419,28037,13.73410503
1420,28039,48.82517109
1421,28041,18.97145583
1422,28043,51.11973978
1423,28045,97.98458252
1424,28047,350.8921696
1425,28049,279.2681959
1426,28051,24.23684979
1427,28053,20.71490187
1428,28055,3.236935443
1429,28057,44.31226738
1430,28059,195.6751536
1431,28061,24.50154752
1432,28063,14.43839879
1433,28065,28.55967663
1434,28067,98.18003872
1435,28069,13.01126886
1436,28071,84.14330672
1437,28073,121.9543109
1438,28075,111.5977909
1439,28077,29.3079588
1440,28079,39.04459691
1441,28081,189.5761983
1442,28083,52.31554379
1443,28085,59.11638501
1444,28087,118.1185696
1445,28089,144.8063417
1446,28091,47.13081507
1447,28093,50.85861797
1448,28095,46.82692584
1449,28097,24.94465344
1450,28099,51.6766905
1451,28101,37.61779887
1452,28103,15.88605428
1453,28105,108.685926
1454,28107,49.86834884
1455,28109,68.06451891
1456,28111,18.96788268
1457,28113,97.68834884
1458,28115,62.10304025
1459,28117,61.34994458
1460,28119,18.48340296
1461,28121,192.1881145
1462,28123,46.39805642
1463,28125,10.62030946
1464,28127,46.20453083
1465,28129,25.23999925
1466,28131,40.56253297
1467,28133,38.70275197
1468,28135,22.60695999
1469,28137,69.9082664
1470,28139,48.34048688
1471,28141,46.08559966
1472,28143,22.74846701
1473,28145,68.40504526
1474,28147,36.23769631
1475,28149,80.68805321
1476,28151,66.40993127
1477,28153,25.36663583
1478,28155,23.51641564
1479,28157,13.45217414
1480,28159,30.1641018
1481,28161,26.64574454
1482,28163,29.67342653
1483,29001,44.73281582
1484,29003,39.97199003
1485,29005,9.694830277
1486,29007,37.69818053
1487,29009,46.0378464
1488,29011,20.07024586
1489,29013,19.65604902
1490,29015,26.51762634
1491,29017,19.71497283
1492,29019,255.282209
1493,29021,218.3679021
1494,29023,61.82944683
1495,29025,21.14012191
1496,29027,53.72075607
1497,29029,67.44236747
1498,29031,135.8120079
1499,29033,12.94518882
1500,29035,12.34426769
1501,29037,145.8061868
1502,29039,29.36670018
1503,29041,10.10275819
1504,29043,148.013401
1505,29045,13.47554548
1506,29047,593.098883
1507,29049,49.19132319
1508,29051,194.8444444
1509,29053,31.23777146
1510,29055,33.03089357
1511,29057,15.49962042
1512,29059,30.31418163
1513,29061,14.65272353
1514,29063,30.10993079
1515,29065,20.71361203
1516,29067,16.43617753
1517,29069,57.09992626
1518,29071,111.0091137
1519,29073,28.69431038
1520,29075,13.61762396
1521,29077,426.5812138
1522,29079,23.1967763
1523,29081,11.92380942
1524,29083,31.18888524
1525,29085,23.05489224
1526,29087,9.691091069
1527,29089,21.85840651
1528,29091,43.26458509
1529,29093,18.40042598
1530,29095,1137.578541
1531,29097,185.7453636
1532,29099,341.3251623
1533,29101,65.05748346
1534,29103,7.757767192
1535,29105,46.38709483
1536,29107,52.03577788
1537,29109,62.41244195
1538,29111,20.21020034
1539,29113,87.29626721
1540,29115,19.99467155
1541,29117,28.23066187
1542,29119,41.97189887
1543,29121,19.13939495
1544,29123,25.09759502
1545,29125,17.00826788
1546,29127,66.0984519
1547,29129,8.139522073
1548,29131,42.37801534
1549,29133,34.10247751
1550,29135,38.46274321
1551,29137,13.25246698
1552,29139,21.82389832
1553,29141,33.75159588
1554,29143,26.98121036
1555,29145,93.81927605
1556,29147,26.0101897
1557,29149,13.8681381
1558,29151,22.54999619
1559,29153,12.63000489
1560,29155,35.49327573
1561,29157,40.44026191
1562,29159,61.93731659
1563,29161,66.67917069
1564,29163,27.36718384
1565,29165,228.696542
1566,29167,49.13905555
1567,29169,97.2785547
1568,29171,9.390760404
1569,29173,21.70373004
1570,29175,52.00918199
1571,29177,40.10161655
1572,29179,7.95568958
1573,29181,21.92404894
1574,29183,688.019128
1575,29185,14.08990974
1576,29186,35.89881259
1577,29187,147.2049428
1578,29189,1975.899961
1579,29195,30.78474767
1580,29197,14.43526422
1581,29199,11.11592022
1582,29201,92.87840187
1583,29203,8.226574485
1584,29205,12.23485817
1585,29207,36.27454077
1586,29209,66.68275748
1587,29211,9.804299817
1588,29213,86.32019683
1589,29215,21.82174632
1590,29217,25.20093224
1591,29219,78.19160478
1592,29221,32.61952355
1593,29223,17.65730213
1594,29225,63.25582808
1595,29227,7.715302705
1596,29229,26.79492088
1597,29510,5099.177826
1598,30001,1.67820841
1599,30003,2.650805871
1600,30005,1.555748891
1601,30007,4.770485878
1602,30009,5.080076611
1603,30011,0.3532138872
1604,30013,30.49413711
1605,30015,1.451735034
1606,30017,3.207464684
1607,30019,1.234130727
1608,30021,4.057988123
1609,30023,12.40818432
1610,30025,1.968197871
1611,30027,2.633068828
1612,30029,18.90161685
1613,30031,38.70573856
1614,30033,0.281048117
1615,30035,4.555169218
1616,30037,0.7036249875
1617,30039,1.875634981
1618,30041,5.716542685
1619,30043,7.030913681
1620,30045,1.030045122
1621,30047,19.76780861
1622,30049,19.20245817
1623,30051,1.683863095
1624,30053,5.273302784
1625,30055,0.6367349533
1626,30057,2.206281617
1627,30059,0.7650779941
1628,30061,3.486034949
1629,30063,44.02712399
1630,30065,2.452687277
1631,30067,5.698052452
1632,30069,0.2870314363
1633,30071,0.8110839712
1634,30073,3.810549627
1635,30075,0.5377130002
1636,30077,2.940175173
1637,30079,0.6679192071
1638,30081,17.30493416
1639,30083,5.738569762
1640,30085,4.873464462
1641,30087,1.875697798
1642,30089,4.106466743
1643,30091,2.198463997
1644,30093,48.18804221
1645,30095,5.283649428
1646,30097,1.958813177
1647,30099,2.686176357
1648,30101,2.655499682
1649,30103,0.7131178906
1650,30105,1.554868338
1651,30107,1.482579689
1652,30109,1.27071233
1653,30111,59.63937183
1654,31001,56.07770313
1655,31003,7.482344048
1656,31005,0.6374457437
1657,31007,1.056138874
1658,31009,0.6850721788
1659,31011,7.74156148
1660,31013,10.54317288
1661,31015,3.715227618
1662,31017,2.412118562
1663,31019,50.472466
1664,31021,13.39555434
1665,31023,13.87400048
1666,31025,45.7658679
1667,31027,11.56809561
1668,31029,4.422982964
1669,31031,0.9811385838
1670,31033,8.498796693
1671,31035,11.02415039
1672,31037,25.55506972
1673,31039,15.99140582
1674,31041,4.195654318
1675,31043,78.63995005
1676,31045,6.484234466
1677,31047,23.57723256
1678,31049,4.367388047
1679,31051,12.17263855
1680,31053,69.42610827
1681,31055,1674.701253
1682,31057,1.956119424
1683,31059,9.765872802
1684,31061,5.18394765
1685,31063,2.692408721
1686,31065,6.760928453
1687,31067,25.71959069
1688,31069,1.125399948
1689,31071,3.559206023
1690,31073,4.306402855
1691,31075,0.8257925547
1692,31077,4.262816969
1693,31079,112.9072707
1694,31081,16.92829697
1695,31083,6.237058826
1696,31085,1.30703922
1697,31087,4.060889395
1698,31089,4.274997627
1699,31091,1.015086234
1700,31093,11.25695326
1701,31095,12.73797101
1702,31097,13.75611287
1703,31099,12.75559619
1704,31101,7.595139412
1705,31103,1.040006623
1706,31105,3.87562694
1707,31107,7.707854017
1708,31109,365.9109687
1709,31111,13.90602745
1710,31113,1.361581327
1711,31115,1.029404001
1712,31117,0.5529840182
1713,31119,61.17752639
1714,31121,16.0596105
1715,31123,3.409095698
1716,31125,8.140243143
1717,31127,17.2958059
1718,31129,7.526666725
1719,31131,25.96360482
1720,31133,6.16830018
1721,31135,3.3328239
1722,31137,17.22151207
1723,31139,12.57394256
1724,31141,48.73015567
1725,31143,11.86736475
1726,31145,15.10352378
1727,31147,14.66729487
1728,31149,1.369607604
1729,31151,24.88075287
1730,31153,735.1437299
1731,31155,28.0125934
1732,31157,49.04104809
1733,31159,29.94252994
1734,31161,2.138588744
1735,31163,5.462790813
1736,31165,0.6096557864
1737,31167,13.87314844
1738,31169,8.997798911
1739,31171,0.9590093602
1740,31173,17.94788406
1741,31175,7.312762302
1742,31177,51.92354048
1743,31179,21.14852737
1744,31181,6.305301846
1745,31183,1.303935102
1746,31185,24.11486262
1747,32001,4.908266129
1748,32003,267.9870102
1749,32005,67.22378857
1750,32007,3.024781719
1751,32009,0.2314429645
1752,32011,0.482795154
1753,32013,1.765317806
1754,32015,1.075207123
1755,32017,0.4736108653
1756,32019,26.27690466
1757,32021,1.193228389
1758,32023,2.336221403
1759,32027,1.098969728
1760,32029,15.16430853
1761,32031,70.91035335
1762,32033,1.10538408
1763,32510,376.8854295
1764,33001,151.5146215
1765,33003,50.78614613
1766,33005,107.4194096
1767,33007,17.3913528
1768,33009,52.27215934
1769,33011,464.1706396
1770,33013,158.4321433
1771,33015,434.3865154
1772,33017,343.7224744
1773,33019,79.96642553
1774,34001,493.4623469
1775,34003,4027.767168
1776,34005,563.7860391
1777,34007,2309.12082
1778,34009,376.7604653
1779,34011,322.2101165
1780,34013,6318.21063
1781,34015,905.2002298
1782,34017,14609.68587
1783,34019,293.320306
1784,34021,1653.914151
1785,34023,2722.116835
1786,34025,1341.13564
1787,34027,1085.47146
1788,34029,936.2894235
1789,34031,2767.797262
1790,34033,193.3720801
1791,34035,1105.4991
1792,34037,276.8191224
1793,34039,5403.587575
1794,34041,299.4217159
1795,35001,582.9330443
1796,35003,0.499155797
1797,35005,10.84270705
1798,35006,6.020293073
1799,35007,3.303300107
1800,35009,35.87564609
1801,35011,0.787041203
1802,35013,56.28217489
1803,35015,13.78873997
1804,35017,7.221531568
1805,35019,1.442344815
1806,35021,0.3284022806
1807,35023,1.286930138
1808,35025,16.21068147
1809,35027,4.019795943
1810,35028,162.9155331
1811,35029,8.268615683
1812,35031,14.07535567
1813,35033,2.379776251
1814,35035,9.73234023
1815,35037,2.941535631
1816,35039,6.733679848
1817,35041,7.812273359
1818,35043,37.56592511
1819,35045,21.53737656
1820,35047,5.930462585
1821,35049,77.86996429
1822,35051,2.699717346
1823,35053,2.596183748
1824,35055,14.93661233
1825,35057,4.62951198
1826,35059,1.098661417
1827,35061,71.03618074
1828,36001,591.7724424
1829,36003,46.1105908
1830,36005,34574.40137
1831,36007,278.5158254
1832,36009,59.55745787
1833,36011,113.2013268
1834,36013,123.3501159
1835,36015,213.7487971
1836,36017,54.66298397
1837,36019,78.28765566
1838,36021,96.90958792
1839,36023,97.22912824
1840,36025,31.92715122
1841,36027,371.7230371
1842,36029,884.8031012
1843,36031,21.44543503
1844,36033,31.09656201
1845,36035,108.9714997
1846,36037,119.5631887
1847,36039,73.59065209
1848,36041,2.743725446
1849,36043,44.70516554
1850,36045,92.72893527
1851,36047,37233.6054
1852,36049,21.14806944
1853,36051,102.438731
1854,36053,109.7195965
1855,36055,1140.587792
1856,36057,123.1679994
1857,36059,4781.431321
1858,36061,72036.35726
1859,36063,407.0993321
1860,36065,191.7638064
1861,36067,601.8358406
1862,36069,170.1086071
1863,36071,465.2624291
1864,36073,106.2774275
1865,36075,126.250197
1866,36077,60.53309374
1867,36079,430.0340408
1868,36081,21552.62964
1869,36083,245.644367
1870,36085,8130.169608
1871,36087,1878.634399
1872,36089,41.41469651
1873,36091,279.3252706
1874,36093,755.9506347
1875,36095,50.38443663
1876,36097,55.38888872
1877,36099,107.607235
1878,36101,70.20989401
1879,36103,1646.384906
1880,36105,77.34172613
1881,36107,95.35829017
1882,36109,221.060194
1883,36111,160.2360716
1884,36113,74.6154343
1885,36115,74.86910239
1886,36117,151.4442902
1887,36119,2268.066909
1888,36121,69.19152554
1889,36123,74.07516938
1890,37001,373.3426428
1891,37003,143.5610053
1892,37005,46.10331874
1893,37007,48.46909975
1894,37009,63.40713624
1895,37011,71.59016865
1896,37013,57.6057312
1897,37015,28.88583809
1898,37017,39.25071598
1899,37019,144.9455886
1900,37021,385.5471225
1901,37023,175.1965593
1902,37025,543.9185734
1903,37027,172.3767193
1904,37029,42.85488618
1905,37031,136.0570152
1906,37033,53.98873205
1907,37035,388.8834548
1908,37037,103.9717965
1909,37039,59.67599566
1910,37041,83.45654102
1911,37043,49.839116
1912,37045,208.6776147
1913,37047,60.48695552
1914,37049,145.9197865
1915,37051,496.4442026
1916,37053,96.47816324
1917,37055,93.01288404
1918,37057,297.864025
1919,37059,158.0924254
1920,37061,72.47932234
1921,37063,1052.371711
1922,37065,107.1564266
1923,37067,904.1303645
1924,37069,129.57562
1925,37071,599.5107113
1926,37073,33.57664234
1927,37075,29.49886846
1928,37077,110.3786895
1929,37079,79.47263921
1930,37081,801.6056893
1931,37083,72.4444334
1932,37085,215.36605
1933,37087,108.1250948
1934,37089,301.969078
1935,37091,68.49827225
1936,37093,134.7966955
1937,37095,9.019095805
1938,37097,296.0199222
1939,37099,84.08472659
1940,37101,234.6268604
1941,37103,21.27221122
1942,37105,233.9984076
1943,37107,145.0506876
1944,37109,271.9861179
1945,37111,102.1066345
1946,37113,66.33783202
1947,37115,47.02048624
1948,37117,50.64210556
1949,37119,1974.011248
1950,37121,68.85401377
1951,37123,56.01919636
1952,37125,135.2051966
1953,37127,173.7930856
1954,37129,1150.490252
1955,37131,38.06637855
1956,37133,244.2641306
1957,37135,355.1982873
1958,37137,37.9779935
1959,37139,175.550952
1960,37141,66.23514736
1961,37143,54.39335624
1962,37145,100.0683112
1963,37147,269.7066605
1964,37149,85.64735963
1965,37151,182.4867703
1966,37153,95.89486325
1967,37155,141.3759283
1968,37157,162.2453147
1969,37159,272.0943967
1970,37161,117.6812591
1971,37163,67.45136228
1972,37165,111.3675924
1973,37167,153.6728712
1974,37169,103.2645141
1975,37171,136.6923103
1976,37173,27.33732831
1977,37175,87.73723476
1978,37177,10.46178364
1979,37179,352.7077527
1980,37181,175.7988616
1981,37183,1226.262813
1982,37185,47.04100304
1983,37187,35.5752797
1984,37189,169.268867
1985,37191,224.4348538
1986,37193,90.81797427
1987,37195,221.9439721
1988,37197,112.2513283
1989,37199,56.26093661
1990,38001,2.388572921
1991,38003,7.441232433
1992,38005,4.86279333
1993,38007,0.8147256438
1994,38009,4.025362903
1995,38011,2.835238555
1996,38013,2.091398083
1997,38015,56.95698964
1998,38017,97.17740633
1999,38019,2.571282908
2000,38021,4.510945938
2001,38023,1.943232238
2002,38025,2.3132151
2003,38027,3.752949596
2004,38029,2.252331282
2005,38031,5.281271786
2006,38033,1.843550969
2007,38035,49.37147376
2008,38037,1.439300746
2009,38039,3.264603599
2010,38041,2.388226327
2011,38043,1.788794906
2012,38045,3.59965548
2013,38047,1.948997701
2014,38049,3.184709977
2015,38051,2.830518716
2016,38053,4.646557667
2017,38055,4.616093034
2018,38057,8.488365292
2019,38059,15.73507348
2020,38061,5.659897726
2021,38063,3.023095923
2022,38065,2.554978402
2023,38067,6.338641309
2024,38069,4.233261339
2025,38071,9.799014875
2026,38073,6.317569174
2027,38075,2.931407794
2028,38077,11.42376369
2029,38079,16.22117223
2030,38081,4.514783119
2031,38083,1.347211324
2032,38085,3.994172347
2033,38087,0.6313162491
2034,38089,24.0901752
2035,38091,2.746361703
2036,38093,9.498479559
2037,38095,2.21753512
2038,38097,9.297533845
2039,38099,8.500457513
2040,38101,35.40244546
2041,38103,3.279186372
2042,38105,16.98949794
2043,39001,47.99723225
2044,39003,259.4435721
2045,39005,125.813926
2046,39007,140.5152358
2047,39009,130.8305434
2048,39011,114.2939714
2049,39013,129.9572096
2050,39015,89.46442565
2051,39017,805.7984482
2052,39019,70.4773586
2053,39021,90.94896062
2054,39023,342.0584543
2055,39025,446.7440832
2056,39027,102.5657966
2057,39029,197.0433903
2058,39031,64.84865573
2059,39033,105.2948585
2060,39035,2747.03789
2061,39037,87.069052
2062,39039,93.20954649
2063,39041,435.5988969
2064,39043,300.3283537
2065,39045,300.1679186
2066,39047,70.57587294
2067,39049,2352.029734
2068,39051,104.9148709
2069,39053,64.60892118
2070,39055,235.158585
2071,39057,397.426818
2072,39059,75.17031942
2073,39061,1989.59868
2074,39063,142.2261451
2075,39065,67.35047459
2076,39067,38.40045335
2077,39069,66.86377731
2078,39071,77.79288499
2079,39073,67.62270277
2080,39075,103.9185105
2081,39077,118.9615357
2082,39079,77.55338993
2083,39081,164.9331789
2084,39083,116.1973305
2085,39085,1007.701336
2086,39087,134.7880654
2087,39089,249.9194139
2088,39091,99.0033353
2089,39093,621.3528378
2090,39095,1272.356281
2091,39097,94.64770593
2092,39099,563.3795974
2093,39101,161.8671627
2094,39103,418.6345103
2095,39105,54.07372273
2096,39107,88.58922822
2097,39109,256.3431551
2098,39111,31.61802945
2099,39113,1153.189341
2100,39115,35.48555195
2101,39117,86.37235612
2102,39119,129.841599
2103,39121,35.99388963
2104,39123,160.3541545
2105,39125,45.56740739
2106,39127,88.20479887
2107,39129,113.695843
2108,39131,64.08847057
2109,39133,332.9530696
2110,39135,97.44647741
2111,39137,70.55015108
2112,39139,245.7391842
2113,39141,111.9723501
2114,39143,146.1098339
2115,39145,125.8986616
2116,39147,100.9224761
2117,39149,119.9509413
2118,39151,652.1535068
2119,39153,1313.072383
2120,39155,329.5358056
2121,39157,163.6894066
2122,39159,125.7197786
2123,39161,69.80677391
2124,39163,31.64225434
2125,39165,559.3350842
2126,39167,96.70048673
2127,39169,209.1492786
2128,39171,88.17835212
2129,39173,210.1894832
2130,39175,54.66923918
2131,40001,38.3694551
2132,40003,6.772423265
2133,40005,14.13916928
2134,40007,2.990623099
2135,40009,26.35603041
2136,40011,10.59106615
2137,40013,49.62458719
2138,40015,22.954903
2139,40017,148.7554454
2140,40019,59.21975249
2141,40021,64.64702805
2142,40023,19.46759749
2143,40025,1.207801877
2144,40027,509.4196738
2145,40029,10.93709477
2146,40031,116.5711357
2147,40033,9.477534324
2148,40035,19.46269409
2149,40037,74.61208389
2150,40039,30.08038899
2151,40041,56.16403654
2152,40043,4.997618752
2153,40045,3.435605738
2154,40047,60.05766836
2155,40049,34.60201142
2156,40051,49.65756381
2157,40053,4.519063895
2158,40055,9.494403464
2159,40057,5.189931384
2160,40059,3.613030393
2161,40061,22.28019448
2162,40063,17.06959698
2163,40065,31.86191757
2164,40067,8.270605351
2165,40069,17.07779886
2166,40071,49.32539911
2167,40073,17.35100945
2168,40075,9.006861526
2169,40077,14.51778196
2170,40079,31.2135433
2171,40081,36.79668681
2172,40083,61.83637747
2173,40085,19.20252143
2174,40087,66.70042632
2175,40089,17.8637355
2176,40091,32.32033837
2177,40093,8.137275023
2178,40095,43.7425892
2179,40097,62.3861358
2180,40099,33.46315835
2181,40101,86.00037016
2182,40103,15.78641745
2183,40105,18.62748044
2184,40107,19.69228879
2185,40109,1095.997709
2186,40111,56.1942442
2187,40113,21.31761723
2188,40115,67.92602709
2189,40117,28.93891241
2190,40119,118.080394
2191,40121,34.17181044
2192,40123,53.01519221
2193,40125,91.24991113
2194,40127,8.011686187
2195,40129,3.319499166
2196,40131,134.3956473
2197,40133,40.37058516
2198,40135,61.12397534
2199,40137,51.2281613
2200,40139,10.5273162
2201,40141,8.626686595
2202,40143,1120.993396
2203,40145,136.3339299
2204,40147,125.2148252
2205,40149,11.6241862
2206,40151,7.232283471
2207,40153,17.35271841
2208,41001,5.216146622
2209,41003,129.5556861
2210,41005,214.676938
2211,41007,45.63180222
2212,41009,75.45367281
2213,41011,39.5452122
2214,41013,7.260616176
2215,41015,13.81477886
2216,41017,58.07064243
2217,41019,21.38272365
2218,41021,1.542983162
2219,41023,1.586603721
2220,41025,0.7105377685
2221,41027,44.32808569
2222,41029,76.3654875
2223,41031,12.72809463
2224,41033,51.6842434
2225,41035,11.11183676
2226,41037,0.9619136737
2227,41039,79.70250723
2228,41041,48.00947166
2229,41043,52.63764618
2230,41045,3.072556428
2231,41047,279.7028907
2232,41049,5.50794961
2233,41051,1832.366096
2234,41053,107.1711572
2235,41055,2.039592373
2236,41057,23.26633895
2237,41059,23.80058647
2238,41061,12.66322499
2239,41063,2.179144355
2240,41065,10.82292436
2241,41067,793.0160308
2242,41069,0.7919526415
2243,41071,143.406532
2244,42001,197.2263567
2245,42003,1685.387118
2246,42005,102.6510901
2247,42007,388.4663869
2248,42009,47.99584311
2249,42011,484.8430717
2250,42013,238.8607836
2251,42015,53.40862246
2252,42017,1038.159412
2253,42019,236.8970992
2254,42021,198.1707007
2255,42023,11.94252847
2256,42025,167.6715776
2257,42027,144.6769635
2258,42029,687.4530318
2259,42031,65.73862331
2260,42033,70.75429668
2261,42035,44.41634083
2262,42037,138.0064085
2263,42039,85.43334078
2264,42041,451.6159785
2265,42043,519.9210737
2266,42045,3067.258476
2267,42047,37.31395599
2268,42049,347.9241798
2269,42051,169.0768139
2270,42053,17.34611468
2271,42055,198.9552254
2272,42057,33.43381686
2273,42059,65.14292064
2274,42061,52.21354182
2275,42063,105.1545893
2276,42065,68.09936407
2277,42067,63.20940335
2278,42069,461.6143662
2279,42071,568.5720643
2280,42073,245.9188944
2281,42075,378.8128778
2282,42077,1044.960975
2283,42079,357.6740388
2284,42081,94.45593907
2285,42083,43.3130412
2286,42085,169.8457421
2287,42087,113.1301532
2288,42089,273.5505996
2289,42091,1696.058297
2290,42093,142.4809201
2291,42095,813.7316695
2292,42097,203.4304314
2293,42099,82.84597739
2294,42101,11688.51836
2295,42103,102.6660623
2296,42105,15.80748768
2297,42107,185.6970027
2298,42109,123.0404162
2299,42111,70.29395723
2300,42113,14.06409744
2301,42115,50.60022953
2302,42117,36.93547647
2303,42119,142.2675975
2304,42121,78.77837825
2305,42123,45.68985506
2306,42125,243.0147878
2307,42127,70.55914797
2308,42129,348.3573613
2309,42131,69.9680865
2310,42133,489.7990557
2311,44001,2031.286211
2312,44003,977.8849805
2313,44005,805.022171
2314,44007,1546.935058
2315,44009,384.2756694
2316,45001,50.83142366
2317,45003,154.8307523
2318,45005,23.11499914
2319,45007,272.1343647
2320,45009,37.82698223
2321,45011,39.61575002
2322,45013,311.6349691
2323,45015,184.5426657
2324,45017,38.77990613
2325,45019,424.9172297
2326,45021,143.1114529
2327,45023,55.56981144
2328,45025,57.58783594
2329,45027,55.64837149
2330,45029,35.71350821
2331,45031,120.373588
2332,45033,77.1453694
2333,45035,265.9965494
2334,45037,52.9849762
2335,45039,33.1455083
2336,45041,173.6328135
2337,45043,75.34659952
2338,45045,626.4813022
2339,45047,153.582597
2340,45049,35.80843585
2341,45051,272.6872659
2342,45053,42.45877574
2343,45055,87.53967315
2344,45057,156.3150994
2345,45059,93.33514522
2346,45061,43.62920055
2347,45063,403.2447529
2348,45065,27.02642497
2349,45067,64.89216662
2350,45069,57.31809521
2351,45071,60.33296457
2352,45073,120.8827878
2353,45075,80.65086281
2354,45077,245.1436019
2355,45079,537.6676864
2356,45081,44.28881262
2357,45083,367.9817211
2358,45085,161.6080209
2359,45087,54.02288344
2360,45089,34.82811813
2361,45091,369.0814655
2362,46003,3.85785369
2363,46005,14.5958958
2364,46007,2.889317123
2365,46009,12.39132093
2366,46011,42.78811319
2367,46013,22.64181564
2368,46015,6.461994029
2369,46017,4.444359588
2370,46019,4.570427384
2371,46021,1.904107666
2372,46023,8.549531794
2373,46025,3.8209949
2374,46027,33.87799168
2375,46029,40.57981539
2376,46031,1.699402193
2377,46033,5.424527393
2378,46035,45.59240509
2379,46037,5.388824246
2380,46039,6.958563385
2381,46041,2.469061809
2382,46043,6.89436362
2383,46045,3.551648555
2384,46047,3.946744525
2385,46049,2.380443086
2386,46051,10.48046982
2387,46053,4.139091607
2388,46055,1.027873544
2389,46057,11.92158997
2390,46059,2.330481487
2391,46061,7.790330784
2392,46063,0.474287586
2393,46065,23.67306759
2394,46067,8.981380335
2395,46069,1.623429445
2396,46071,1.781734565
2397,46073,3.794896937
2398,46075,0.952893641
2399,46077,5.995895395
2400,46079,22.40815798
2401,46081,31.03239233
2402,46083,91.54845404
2403,46085,2.360627942
2404,46087,9.750889928
2405,46089,2.1246758
2406,46091,5.690482611
2407,46093,7.774740535
2408,46095,1.568110297
2409,46097,3.920667846
2410,46099,229.4464329
2411,46101,12.38000254
2412,46103,39.14998201
2413,46105,1.051741208
2414,46107,2.694103166
2415,46109,9.364773882
2416,46111,4.13650647
2417,46113,0.0
2418,46115,4.33798228
2419,46117,2.045094542
2420,46119,1.416344778
2421,46121,7.172199033
2422,46123,3.370035338
2423,46125,13.30347115
2424,46127,32.37272605
2425,46129,7.681018303
2426,46135,43.56018451
2427,46137,1.429174536
2428,47001,224.6664808
2429,47003,99.61890485
2430,47005,40.92179976
2431,47007,35.68186012
2432,47009,227.7637971
2433,47011,316.6150589
2434,47013,82.78372564
2435,47015,52.10156794
2436,47017,46.57472983
2437,47019,165.5495409
2438,47021,131.4025731
2439,47023,61.14385307
2440,47025,72.96470155
2441,47027,32.85335002
2442,47029,80.91309701
2443,47031,126.5324963
2444,47033,54.98710151
2445,47035,85.50200066
2446,47037,1346.913793
2447,47039,34.92638799
2448,47041,63.0267425
2449,47043,105.0978167
2450,47045,73.96252784
2451,47047,55.57005956
2452,47049,35.9337521
2453,47051,74.74456398
2454,47053,81.95712262
2455,47055,47.38045626
2456,47057,81.41838917
2457,47059,110.2279942
2458,47061,37.28081124
2459,47063,393.3638998
2460,47065,652.7982361
2461,47067,29.55833408
2462,47069,38.49690312
2463,47071,44.61319411
2464,47073,115.9628318
2465,47075,33.80715497
2466,47077,53.86743784
2467,47079,57.19129828
2468,47081,39.77639147
2469,47083,40.68681785
2470,47085,34.15382877
2471,47087,37.32810067
2472,47089,194.2512715
2473,47091,59.7369964
2474,47093,888.0572199
2475,47095,45.6980167
2476,47097,57.06876388
2477,47099,68.97110486
2478,47101,42.02219867
2479,47103,59.1631629
2480,47105,223.0647075
2481,47107,122.3807033
2482,47109,46.30991721
2483,47111,75.45971922
2484,47113,175.2055672
2485,47115,57.18443873
2486,47117,84.03558302
2487,47119,143.1276483
2488,47121,60.62873484
2489,47123,72.01623752
2490,47125,358.8413452
2491,47127,48.92317931
2492,47129,41.16971159
2493,47131,56.24642023
2494,47133,51.04929144
2495,47135,19.11841652
2496,47137,31.57462004
2497,47139,38.58736162
2498,47141,185.8699636
2499,47143,103.1337098
2500,47145,146.2484891
2501,47147,143.9678177
2502,47149,482.1268269
2503,47151,41.23637744
2504,47153,55.71019115
2505,47155,161.9341772
2506,47157,1229.167922
2507,47159,61.39253999
2508,47161,28.86595694
2509,47163,379.3058401
2510,47165,332.4002878
2511,47167,134.9794706
2512,47169,70.42463198
2513,47171,95.9364005
2514,47173,85.52487374
2515,47175,20.76330852
2516,47177,93.45243598
2517,47179,386.8776132
2518,47181,22.81433047
2519,47183,58.51500093
2520,47185,70.40855065
2521,47187,363.3236583
2522,47189,225.8323903
2523,48001,54.18773915
2524,48003,12.06426545
2525,48005,110.6260138
2526,48007,100.5657069
2527,48009,9.649987266
2528,48011,2.141657381
2529,48013,39.71566422
2530,48015,45.72719904
2531,48017,8.720399324
2532,48019,26.89007423
2533,48021,90.66824298
2534,48023,4.170691726
2535,48025,37.34667516
2536,48027,318.6830648
2537,48029,1530.668162
2538,48031,15.51495874
2539,48033,0.7220514283
2540,48035,18.20081426
2541,48037,105.5235784
2542,48039,255.0723613
2543,48041,367.3052123
2544,48043,1.478880152
2545,48045,1.672220364
2546,48047,7.664061804
2547,48049,40.1256627
2548,48051,26.49364365
2549,48053,45.72555614
2550,48055,74.31724856
2551,48057,43.19903717
2552,48059,15.07385153
2553,48061,473.8417056
2554,48063,64.76157405
2555,48065,6.486492361
2556,48067,32.35239812
2557,48069,8.559603056
2558,48071,65.08221731
2559,48073,48.95181273
2560,48075,10.17798551
2561,48077,9.515752888
2562,48079,3.809585242
2563,48081,3.552503099
2564,48083,6.607255778
2565,48085,1086.661714
2566,48087,3.31431197
2567,48089,21.73338026
2568,48091,230.6586878
2569,48093,14.32145317
2570,48095,4.14820507
2571,48097,44.84549459
2572,48099,71.76641009
2573,48101,1.583453906
2574,48103,6.430008063
2575,48105,1.321541808
2576,48107,6.639650388
2577,48109,0.5864459644
2578,48111,4.737041322
2579,48113,2930.616944
2580,48115,15.0171164
2581,48117,12.66110305
2582,48119,20.31344301
2583,48121,888.6424903
2584,48123,22.87961715
2585,48125,2.446424848
2586,48127,8.262572203
2587,48129,3.775005772
2588,48131,6.34966303
2589,48133,19.61271075
2590,48135,177.6075625
2591,48137,0.8942998067
2592,48139,174.9163805
2593,48141,825.119755
2594,48143,37.96796332
2595,48145,22.39370437
2596,48147,37.82173394
2597,48149,26.43135637
2598,48151,4.257231565
2599,48153,5.947731325
2600,48155,1.731977848
2601,48157,831.2278506
2602,48159,37.45195875
2603,48161,22.43377587
2604,48163,16.57962064
2605,48165,13.34620185
2606,48167,851.6405098
2607,48169,7.180337851
2608,48171,24.53473494
2609,48173,1.460757283
2610,48175,8.839056635
2611,48177,19.28680176
2612,48179,25.0654986
2613,48181,134.5052122
2614,48183,454.104053
2615,48185,34.93769199
2616,48187,212.6374244
2617,48189,34.19984214
2618,48191,3.551814844
2619,48193,9.760573456
2620,48195,6.099085681
2621,48197,5.524273716
2622,48199,62.72969917
2623,48201,2663.97805
2624,48203,74.16626016
2625,48205,4.235882501
2626,48207,6.352345341
2627,48209,287.234984
2628,48211,4.70491655
2629,48213,91.038835
2630,48215,536.2039386
2631,48217,36.3503062
2632,48219,25.79613207
2633,48221,131.7584353
2634,48223,47.21614653
2635,48225,18.51071038
2636,48227,41.30369864
2637,48229,0.7392283017
2638,48231,106.9166673
2639,48233,24.49124934
2640,48235,1.477800189
2641,48237,9.748951861
2642,48239,17.862762
2643,48241,37.81880928
2644,48243,0.9520634297
2645,48245,290.2082061
2646,48247,4.576908791
2647,48249,47.84234294
2648,48251,220.7696511
2649,48253,21.50655751
2650,48255,20.0319441
2651,48257,146.9068104
2652,48259,60.96130593
2653,48261,0.2790865436
2654,48263,0.8465308302
2655,48265,46.18342128
2656,48267,3.507630375
2657,48269,0.3095934445
2658,48271,2.609453294
2659,48273,36.14740817
2660,48275,4.537861163
2661,48277,54.49795522
2662,48279,13.17186604
2663,48281,28.88165647
2664,48283,5.132875628
2665,48285,20.45564232
2666,48287,26.86418152
2667,48289,15.92133819
2668,48291,68.76107654
2669,48293,25.75975822
2670,48295,3.828663808
2671,48297,11.762092
2672,48299,21.19408929
2673,48301,0.1674328213
2674,48303,334.3605788
2675,48305,6.417997302
2676,48307,7.827529706
2677,48309,236.8824251
2678,48311,0.719660601
2679,48313,30.17819403
2680,48315,26.67506826
2681,48317,6.165404659
2682,48319,4.34107125
2683,48321,33.41888762
2684,48323,45.1089616
2685,48325,36.53131687
2686,48327,2.399033292
2687,48329,178.9150049
2688,48331,24.10490398
2689,48333,6.548517162
2690,48335,9.951815957
2691,48337,20.69167027
2692,48339,516.0227889
2693,48341,24.73627056
2694,48343,49.66962319
2695,48345,1.16010922
2696,48347,69.37288241
2697,48349,47.86223031
2698,48351,14.97948434
2699,48353,16.56474747
2700,48355,429.0074206
2701,48357,11.71173037
2702,48359,1.378843384
2703,48361,252.5257066
2704,48363,29.30790478
2705,48365,29.64269366
2706,48367,139.5075475
2707,48369,11.06862342
2708,48371,3.401242735
2709,48373,44.43506863
2710,48375,134.0885322
2711,48377,1.783547938
2712,48379,48.64198177
2713,48381,142.9102709
2714,48383,3.226407533
2715,48385,4.729724898
2716,48387,12.01549715
2717,48389,5.590096286
2718,48391,9.46077846
2719,48393,0.9912797682
2720,48395,19.46865837
2721,48397,715.2382002
2722,48399,10.03953585
2723,48401,57.43338669
2724,48403,21.09933047
2725,48405,15.9669994
2726,48407,48.15693825
2727,48409,97.13303463
2728,48411,5.197758824
2729,48413,2.44996681
2730,48415,19.45454385
2731,48417,3.664061355
2732,48419,31.92878681
2733,48421,3.328151154
2734,48423,241.9393697
2735,48425,46.8672069
2736,48427,52.15508115
2737,48429,10.52726662
2738,48431,1.464073351
2739,48433,1.538775506
2740,48435,2.691333672
2741,48437,8.462533098
2742,48439,2295.599392
2743,48441,148.5999703
2744,48443,0.3549579182
2745,48445,14.33217939
2746,48447,1.730312355
2747,48449,80.34153093
2748,48451,77.59998213
2749,48453,1188.199983
2750,48455,20.76388969
2751,48457,23.09029412
2752,48459,69.6512719
2753,48461,2.941214381
2754,48463,17.55537886
2755,48465,15.57770888
2756,48467,63.5529703
2757,48469,104.7245175
2758,48471,90.15786138
2759,48473,94.76656993
2760,48475,14.02701286
2761,48477,57.56233091
2762,48479,80.23871614
2763,48481,38.19546103
2764,48483,6.185738358
2765,48485,209.7961693
2766,48487,13.41822167
2767,48489,37.08890296
2768,48491,454.7193381
2769,48493,59.12411211
2770,48495,9.517219569
2771,48497,69.60578137
2772,48499,67.19422721
2773,48501,10.68640054
2774,48503,19.97882922
2775,48505,14.39686222
2776,48507,9.430355648
2777,49001,2.453395524
2778,49003,9.0673636
2779,49005,103.6930391
2780,49007,13.85126612
2781,49009,1.591152675
2782,49011,1124.724712
2783,49013,6.437011427
2784,49015,2.323906386
2785,49017,0.9679000742
2786,49019,2.591825835
2787,49021,14.6717259
2788,49023,3.122975181
2789,49025,1.787115476
2790,49027,1.923947401
2791,49029,18.16328407
2792,49031,2.001871228
2793,49033,2.246360963
2794,49035,1491.769974
2795,49037,2.01688289
2796,49039,18.09764098
2797,49041,10.98306951
2798,49043,21.17473201
2799,49045,9.069126591
2800,49047,8.466651621
2801,49049,287.1066668
2802,49051,24.80729493
2803,49053,64.12986047
2804,49055,1.094008313
2805,49057,422.9331139
2806,50001,48.32805924
2807,50003,53.80455717
2808,50005,47.436751
2809,50007,300.7614923
2810,50009,9.287249208
2811,50011,77.00574083
2812,50013,83.86402806
2813,50015,55.00253925
2814,50017,42.06348167
2815,50019,39.09022196
2816,50021,64.24462343
2817,50023,85.28694053
2818,50025,55.24732429
2819,50027,57.50012638
2820,51001,73.35549148
2821,51003,146.6675362
2822,51005,35.19307139
2823,51007,36.31895831
2824,51009,67.33849017
2825,51011,46.21972209
2826,51013,8822.822823
2827,51015,76.85013118
2828,51017,8.447382445
2829,51019,103.216245
2830,51021,18.34090433
2831,51023,61.61654983
2832,51025,29.49275222
2833,51027,45.30166301
2834,51029,29.38289368
2835,51031,109.3264691
2836,51033,56.84030536
2837,51035,62.6177084
2838,51036,38.50845381
2839,51037,25.67166943
2840,51041,793.0294805
2841,51043,81.52596536
2842,51045,15.8132393
2843,51047,130.3469626
2844,51049,32.67319077
2845,51051,45.72930911
2846,51053,55.29306196
2847,51057,43.28667603
2848,51059,2921.54621
2849,51061,106.2353946
2850,51063,41.14137006
2851,51065,91.72916557
2852,51067,81.49171671
2853,51069,201.2087179
2854,51071,46.96147349
2855,51073,170.5317093
2856,51075,79.07538688
2857,51077,36.21190705
2858,51079,122.6399396
2859,51081,40.25729441
2860,51083,42.948551
2861,51085,220.3181826
2862,51087,1391.352906
2863,51089,135.6954914
2864,51091,5.332935089
2865,51093,115.0589965
2866,51095,513.5393191
2867,51097,22.71385869
2868,51099,142.0372308
2869,51101,59.38870049
2870,51103,82.28893058
2871,51105,56.8105107
2872,51107,728.5830387
2873,51109,69.71992746
2874,51111,28.49081386
2875,51113,40.95633382
2876,51115,103.1316552
2877,51117,49.69103975
2878,51119,81.39302872
2879,51121,252.3242053
2880,51125,31.40025825
2881,51127,97.23023521
2882,51131,57.44003176
2883,51133,63.94312449
2884,51135,49.8517774
2885,51137,103.8344049
2886,51139,76.32472914
2887,51141,37.35282428
2888,51143,64.18760275
2889,51145,107.7199765
2890,51147,65.58463824
2891,51149,142.7919519
2892,51153,1342.801172
2893,51155,107.33513
2894,51157,27.71319213
2895,51159,46.51891463
2896,51161,376.8551561
2897,51163,37.40892098
2898,51165,92.56188419
2899,51167,58.86387715
2900,51169,41.3160794
2901,51171,84.89001054
2902,51173,69.78941206
2903,51175,30.22473692
2904,51177,324.9721043
2905,51179,527.9785541
2906,51181,24.0509914
2907,51183,23.89743381
2908,51185,82.6815664
2909,51187,183.0885625
2910,51191,97.31449708
2911,51193,76.85667575
2912,51195,98.50963196
2913,51197,63.0521584
2914,51199,647.4231724
2915,51510,10215.67845
2916,51515,0.0
2917,51520,1317.22124
2918,51530,987.1718377
2919,51540,4551.377222
2920,51550,690.8127934
2921,51570,2369.680851
2922,51580,1034.747623
2923,51590,980.1555876
2924,51595,797.2149695
2925,51600,3848.853983
2926,51610,6949.474737
2927,51620,1034.608823
2928,51630,2693.295019
2929,51640,839.0776699
2930,51650,2654.075817
2931,51660,3016.304972
2932,51670,2177.271843
2933,51678,2908.289948
2934,51680,1624.572545
2935,51683,4226.697703
2936,51685,6205.998421
2937,51690,1245.436291
2938,51700,2654.262596
2939,51710,4552.716186
2940,51720,526.5338858
2941,51730,1416.230595
2942,51735,787.2951622
2943,51740,2858.615874
2944,51750,1762.864668
2945,51760,3683.454561
2946,51770,2347.093652
2947,51775,1761.584817
2948,51790,1222.32791
2949,51800,220.3099698
2950,51810,1818.136184
2951,51820,1429.017887
2952,51830,1668.366216
2953,51840,2955.052529
2954,53001,10.00219223
2955,53003,34.74465313
2956,53005,111.9215187
2957,53007,25.90082263
2958,53009,42.27393088
2959,53011,730.5120476
2960,53013,4.540488517
2961,53015,90.75145269
2962,53017,22.28043868
2963,53019,3.441422067
2964,53021,71.49337732
2965,53023,3.122335321
2966,53025,34.80445887
2967,53027,37.39273943
2968,53029,386.6317421
2969,53031,16.8908355
2970,53033,1000.736919
2971,53035,658.6578755
2972,53037,18.83495678
2973,53039,11.23596106
2974,53041,31.58062961
2975,53043,4.467010085
2976,53045,63.60425133
2977,53047,7.880822585
2978,53049,22.35331708
2979,53051,9.348644882
2980,53053,505.5106055
2981,53055,93.44794871
2982,53057,70.38227175
2983,53059,6.848558022
2984,53061,370.100605
2985,53063,278.3464708
2986,53065,17.6735889
2987,53067,373.3387261
2988,53069,15.34693878
2989,53071,47.50541087
2990,53073,100.7586182
2991,53075,22.31356729
2992,53077,57.92946681
2993,54001,48.97686324
2994,54003,348.4471044
2995,54005,46.60019181
2996,54007,28.21977557
2997,54009,261.756628
2998,54011,344.6184942
2999,54013,26.75031961
3000,54015,26.06009909
3001,54017,25.57237583
3002,54019,68.01753458
3003,54021,25.16373562
3004,54023,24.64739313
3005,54025,34.83432705
3006,54027,36.4748715
3007,54029,360.9170914
3008,54031,23.78793499
3009,54033,165.1747082
3010,54035,62.9635532
3011,54037,269.4302001
3012,54039,208.8894361
3013,54041,42.73373258
3014,54043,49.00020364
3015,54045,76.49144769
3016,54047,37.18207312
3017,54049,184.3814274
3018,54051,104.6979514
3019,54053,62.76755783
3020,54055,145.9785724
3021,54057,83.73547265
3022,54059,59.77655876
3023,54061,289.494587
3024,54063,28.56889024
3025,54065,76.49963112
3026,54067,39.56872349
3027,54069,406.974107
3028,54071,10.38576307
3029,54073,58.98403573
3030,54075,9.153617418
3031,54077,52.3115574
3032,54079,164.4579063
3033,54081,128.0414173
3034,54083,28.0143621
3035,54085,22.08451053
3036,54087,29.85133271
3037,54089,36.72806969
3038,54091,97.88679813
3039,54093,16.62839383
3040,54095,35.01837733
3041,54097,69.81203368
3042,54099,80.97339623
3043,54101,15.81843937
3044,54103,44.17099784
3045,54105,25.28934364
3046,54107,236.0399716
3047,54109,44.35051947
3048,55001,31.20595497
3049,55003,15.16025779
3050,55005,52.81374643
3051,55007,10.1342276
3052,55009,488.4162595
3053,55011,19.64162082
3054,55013,18.4450166
3055,55015,156.3682299
3056,55017,63.00347193
3057,55019,28.4712952
3058,55021,74.12260019
3059,55023,28.72288228
3060,55025,437.3754948
3061,55027,101.0729479
3062,55029,57.16858446
3063,55031,33.43286283
3064,55033,52.34294587
3065,55035,160.0434494
3066,55037,9.143887176
3067,55039,141.7171494
3068,55041,8.931362523
3069,55043,45.55961596
3070,55045,63.67934625
3071,55047,53.96108598
3072,55049,31.22688767
3073,55051,7.64204523
3074,55053,20.80954117
3075,55055,151.954988
3076,55057,34.1936956
3077,55059,619.276444
3078,55061,59.45964884
3079,55063,261.7127828
3080,55065,26.56142477
3081,55067,22.07916016
3082,55069,31.83260464
3083,55071,135.475197
3084,55073,87.94142071
3085,55075,29.21648455
3086,55077,33.08809004
3087,55078,12.78774524
3088,55079,3967.386351
3089,55081,50.56640053
3090,55083,37.51047107
3091,55085,31.95683621
3092,55087,287.4327671
3093,55089,376.914067
3094,55091,31.42471647
3095,55093,71.26647936
3096,55095,47.53042249
3097,55097,87.93536486
3098,55099,10.87791858
3099,55101,586.7050024
3100,55103,29.84725779
3101,55105,224.813477
3102,55107,15.45997362
3103,55109,121.153934
3104,55111,76.59387028
3105,55113,13.02468375
3106,55115,46.25012737
3107,55117,226.0452016
3108,55119,20.98215568
3109,55121,40.31570402
3110,55123,38.53816233
3111,55125,24.96719604
3112,55127,185.1900556
3113,55129,19.51040819
3114,55131,310.3623611
3115,55133,721.4460655
3116,55135,69.47184281
3117,55137,38.3819929
3118,55139,390.2211113
3119,55141,92.59049118
3120,56001,8.881006308
3121,56003,3.83220538
3122,56005,10.24838274
3123,56007,1.970097668
3124,56009,3.345802928
3125,56011,2.607896278
3126,56013,4.389788382
3127,56015,6.013774658
3128,56017,2.36565986
3129,56019,2.066606598
3130,56021,36.15941252
3131,56023,4.593083291
3132,56025,15.38812423
3133,56027,0.9679985469
3134,56029,4.210266724
3135,56031,4.227984923
3136,56033,11.88949415
3137,56035,2.025769988
3138,56037,4.279994464
3139,56039,5.787936514
3140,56041,10.00449727
3141,56043,3.720267012
3142,56045,3.016568609
3143,60010,0.0
3144,60020,0.0
3145,60030,0.0
3146,60040,0.0
3147,60050,0.0
3148,66010,0.0
3149,69085,0.0
3150,69100,0.0
3151,69110,0.0
3152,69120,0.0
3153,72001,278.5874944
3154,72003,1281.319892
3155,72005,1527.662953
3156,72007,894.6318764
3157,72009,767.7812909
3158,72011,712.4602265
3159,72013,711.7914678
3160,72015,1235.740938
3161,72017,1318.67544
3162,72019,856.0710011
3163,72021,4267.642812
3164,72023,707.1077387
3165,72025,2295.015103
3166,72027,711.789451
3167,72029,1429.240834
3168,72031,3571.942367
3169,72033,5292.260062
3170,72035,875.9194362
3171,72037,420.8024798
3172,72039,260.7734973
3173,72041,1144.471281
3174,72043,510.9726709
3175,72045,703.6019858
3176,72047,822.9863998
3177,72049,155.3682037
3178,72051,1640.52146
3179,72053,1108.424859
3180,72054,801.3676113
3181,72055,469.2577598
3182,72057,657.3270556
3183,72059,463.780459
3184,72061,3295.224627
3185,72063,1694.875749
3186,72065,982.432206
3187,72067,1452.574048
3188,72069,1225.047481
3189,72071,784.7171995
3190,72073,344.1941931
3191,72075,797.3190437
3192,72077,1500.773906
3193,72079,399.2293964
3194,72081,445.4353133
3195,72083,191.5660052
3196,72085,1130.165289
3197,72087,1407.156873
3198,72089,736.2752315
3199,72091,901.8790995
3200,72093,161.1828632
3201,72095,537.1214279
3202,72097,1024.019576
3203,72099,749.7616399
3204,72101,819.7885313
3205,72103,515.5146048
3206,72105,1064.961133
3207,72107,345.1273185
3208,72109,381.5713399
3209,72111,487.0565031
3210,72113,1298.583155
3211,72115,1084.73306
3212,72117,1018.407055
3213,72119,853.2240239
3214,72121,657.3549521
3215,72123,423.1384704
3216,72125,605.0864252
3217,72127,7421.029532
3218,72129,729.0991941
3219,72131,553.8957443
3220,72133,661.8170061
3221,72135,2752.739118
3222,72137,3531.044275
3223,72139,3352.677711
3224,72141,266.7864598
3225,72143,1393.537219
3226,72145,1194.8709
3227,72147,176.2921525
3228,72149,664.9549625
3229,72151,635.3708231
3230,72153,552.5428203
3231,78010,0.0
3232,78020,0.0
3233,78030,0.0
